[ {
  "image" : null,
  "contentId" : 1,
  "authorId" : 1,
  "content" : "Ana lamine yamal",
  "timestamp" : "2024-12-05T20:33:52.247671400"
}, {
  "image" : null,
  "contentId" : 2,
  "authorId" : 1,
  "content" : "Ana lamine yamal",
  "timestamp" : "2024-12-05T20:33:53.116483100"
}, {
  "image" : "C:\\Users\\Mazen\\Pictures\\powerpoint\\acceleration.jpg",
  "contentId" : 3,
  "authorId" : 7,
  "content" : " post test ",
  "timestamp" : "2024-12-06T02:38:33.523403900"
}, {
  "image" : "C:\\Users\\Mazen\\Pictures\\Screenshots\\Screenshot 2023-08-22 111318.png",
  "contentId" : 4,
  "authorId" : 7,
  "content" : "test meeee ",
  "timestamp" : "2024-12-06T02:52:52.588567900"
}, {
  "image" : "C:\\Users\\Mazen\\Pictures\\Screenshots\\Screenshot 2023-07-11 165650.png",
  "contentId" : 5,
  "authorId" : 1,
  "content" : "post by meeeeeeeeeeeeeeeeee",
  "timestamp" : "2024-12-06T02:54:11.249474200"
}, {
  "image" : "C:\\Users\\etijah\\Downloads\\fcb.jpg",
  "contentId" : 6,
  "authorId" : 1,
  "content" : "hey",
  "timestamp" : "2024-12-06T11:25:51.843514400"
}, {
  "image" : "C:\\Users\\etijah\\Downloads\\fcb.jpg",
  "contentId" : 7,
  "authorId" : 1,
  "content" : "hey",
  "timestamp" : "2024-12-06T11:25:52.881671200"
}, {
  "image" : null,
  "contentId" : 8,
  "authorId" : 1,
  "content" : "hey",
  "timestamp" : "2024-12-06T11:30:47.192127900"
}, {
  "image" : null,
  "contentId" : 9,
  "authorId" : 2,
  "content" : "هالوو",
  "timestamp" : "2024-12-06T11:49:31.668933200"
}, {
  "image" : null,
  "contentId" : 10,
  "authorId" : 2,
  "content" : "ana pedri",
  "timestamp" : "2024-12-06T12:54:46.696219300"
}, {
  "image" : null,
  "contentId" : -11,
  "authorId" : 2,
  "content" : "mmmmmm",
  "timestamp" : "2024-12-06T13:14:19.072388"
}, {
  "image" : null,
  "contentId" : -11,
  "authorId" : 1,
  "content" : "asdsadsad",
  "timestamp" : "2024-12-06T14:00:58.593540900"
}, {
  "image" : "C:\\Users\\etijah\\Downloads\\Lamine.jpg",
  "contentId" : -11,
  "authorId" : 1,
  "content" : "sad",
  "timestamp" : "2024-12-06T14:01:39.746829200"
}, {
  "image" : null,
  "contentId" : 11,
  "authorId" : 5,
  "content" : "ana mesh vini",
  "timestamp" : "2024-12-06T16:45:49.022619400"
}, {
  "image" : null,
  "contentId" : 12,
  "authorId" : 5,
  "content" : "dsadasd",
  "timestamp" : "2024-12-06T20:03:09.625091300"
}, {
  "image" : null,
  "contentId" : -13,
  "authorId" : 5,
  "content" : "afdsafds",
  "timestamp" : "2024-12-06T20:07:46.213545400"
}, {
  "image" : null,
  "contentId" : 13,
  "authorId" : 3,
  "content" : "gsgdfgdf",
  "timestamp" : "2024-12-05T21:50:55.910942900"
}, {
  "image" : null,
  "contentId" : -14,
  "authorId" : 3,
  "content" : "fsdf",
  "timestamp" : "2024-12-05T21:51:12.005761500"
}, {
  "image" : null,
  "contentId" : 14,
  "authorId" : 4,
  "content" : "ana mesh mbappe",
  "timestamp" : "2024-12-06T23:10:09.896125200"
}, {
  "image" : null,
  "contentId" : 15,
  "authorId" : 6,
  "content" : "ghfhfghgf",
  "timestamp" : "2024-12-06T23:11:41.297475500"
} ]