[ {
  "profile" : {
    "friendRequests" : [ "2", "7" ],
    "friendSuggestions" : [ ],
    "blockedUsers" : [ "-3", "-4" ],
    "friendReceivedRequests" : [ "5" ],
    "friends" : [ ]
  },
  "userID" : "1",
  "username" : "Lamine"
}, {
  "profile" : {
    "friendRequests" : [ ],
    "friendSuggestions" : [ "4" ],
    "blockedUsers" : [ ],
    "friendReceivedRequests" : [ "1", "5", "6" ],
    "friends" : [ "3" ]
  },
  "userID" : "2",
  "username" : "Pedri"
}, {
  "profile" : {
    "friendRequests" : [ "4" ],
    "friendSuggestions" : [ ],
    "blockedUsers" : [ "1" ],
    "friendReceivedRequests" : [ "5" ],
    "friends" : [ "2" ]
  },
  "userID" : "3",
  "username" : "Freinke"
}, {
  "profile" : {
    "friendRequests" : [ ],
    "friendSuggestions" : [ ],
    "blockedUsers" : [ "1" ],
    "friendReceivedRequests" : [ "3" ],
    "friends" : [ "5" ]
  },
  "userID" : "4",
  "username" : "Mbappe"
}, {
  "profile" : {
    "friendRequests" : [ "1", "2", "3", "6", "7" ],
    "friendSuggestions" : [ ],
    "blockedUsers" : [ ],
    "friendReceivedRequests" : [ ],
    "friends" : [ "4" ]
  },
  "userID" : "5",
  "username" : "Vinicius"
}, {
  "profile" : {
    "friendRequests" : [ "2", "7" ],
    "friendSuggestions" : [ ],
    "blockedUsers" : [ ],
    "friendReceivedRequests" : [ "5" ],
    "friends" : [ ]
  },
  "userID" : "6",
  "username" : "Bellingham"
}, {
  "profile" : {
    "friendRequests" : [ ],
    "friendSuggestions" : [ ],
    "blockedUsers" : [ ],
    "friendReceivedRequests" : [ "5", "1", "6" ],
    "friends" : [ ]
  },
  "userID" : "7",
  "username" : "mazen azhary"
} ]