[ {
  "salt" : "gESS9g+wIccqoeiFPwk6RA==",
  "hashedPassword" : "PUMI2DXfUdfu8+T5FoIElQELjAnytxsjbIQBXeWiu9A=",
  "userId" : "1",
  "email" : "lamine@gmail.com"
}, {
  "salt" : "adhXX0c4Fi7MMFqQkniH0g==",
  "hashedPassword" : "y/0S5leXw95+H20lFH/zUgODKi48JDW4UJNmA1FJI5s=",
  "userId" : "2",
  "email" : "pedri@gmail.com"
}, {
  "salt" : "OH8acDDiwSjSd25iGGnXxg==",
  "hashedPassword" : "bpiJ7S+QqpThqWo5C7TOe5RdGl7A30i0dlH0YnjxXJ4=",
  "userId" : "3",
  "email" : "Freinke@gmail.com"
}, {
  "salt" : "7E6eBirJ+1+wk+ZxtzwDCA==",
  "hashedPassword" : "M3dHaVD+K6ytNEYj4yL3QdFGCCHbSepRdkRXKcp2Ie0=",
  "userId" : "4",
  "email" : "mbappe@gmail.com"
}, {
  "salt" : "LG1mq36SRF/n33wk7VD8oQ==",
  "hashedPassword" : "WowUxTieZHtQMXh7VqRR4V9JfVIQSx+wXfZFPHgxE3A=",
  "userId" : "5",
  "email" : "vinicius@gmail.com"
}, {
  "salt" : "R7ySQRFWO00GFc6aN5jm5w==",
  "hashedPassword" : "BVUOT93Zib7KQGNJyeE2Eq4YsexOLKfkyS9C+8p+KGg=",
  "userId" : "6",
  "email" : "bellingham@gmail.com"
}, {
  "salt" : "23DUntgYsEH0pTFEEy/xDg==",
  "hashedPassword" : "o2eXBJnGPELmUZaPWbxI+iPXqpRwguDL4ER0P+PL8XU=",
  "userId" : "7",
  "email" : "mazen@gmail.com"
} ]