[ {
  "gender" : "Male",
  "profile" : {
    "profilePhoto" : "C:\\Users\\etijah\\Downloads\\Lamine.jpg",
    "coverPhoto" : "C:\\Users\\etijah\\Downloads\\fcb.jpg",
    "bio" : "fghdgh"
  },
  "dateOfBirth" : [ 2024, 12, 5 ],
  "userID" : "1",
  "username" : "Lamine"
}, {
  "gender" : "Male",
  "profile" : {
    "profilePhoto" : "C:\\Users\\etijah\\Downloads\\Lamine.jpg",
    "coverPhoto" : null,
    "bio" : null
  },
  "dateOfBirth" : [ 2024, 12, 5 ],
  "userID" : "2",
  "username" : "Pedri"
}, {
  "gender" : "Male",
  "profile" : {
    "profilePhoto" : null,
    "coverPhoto" : null,
    "bio" : null
  },
  "dateOfBirth" : [ 2024, 12, 5 ],
  "userID" : "3",
  "username" : "Freinke"
}, {
  "gender" : "Male",
  "profile" : {
    "profilePhoto" : null,
    "coverPhoto" : null,
    "bio" : null
  },
  "dateOfBirth" : [ 2024, 12, 5 ],
  "userID" : "4",
  "username" : "Mbappe"
}, {
  "gender" : "Male",
  "profile" : {
    "profilePhoto" : "src/database/defaultIcon.jpg",
    "coverPhoto" : "src/database/CoverDefault.jpg",
    "bio" : "vsdav"
  },
  "dateOfBirth" : [ 2024, 12, 5 ],
  "userID" : "5",
  "username" : "Vinicius"
}, {
  "gender" : "Male",
  "profile" : {
    "profilePhoto" : null,
    "coverPhoto" : null,
    "bio" : "ana jude"
  },
  "dateOfBirth" : [ 2024, 12, 5 ],
  "userID" : "6",
  "username" : "Bellingham"
}, {
  "gender" : "Male",
  "profile" : {
    "profilePhoto" : null,
    "coverPhoto" : null,
    "bio" : null
  },
  "dateOfBirth" : [ 2024, 12, 5 ],
  "userID" : "7",
  "username" : "mazen azhary"
} ]