[ {
  "profile" : {
    "contents" : [ {
      "image" : null,
      "contentId" : 1,
      "authorId" : 1,
      "content" : "Ana lamine yamal",
      "timestamp" : [ 2024, 12, 5, 20, 33, 52, 247671400 ]
    }, {
      "image" : null,
      "contentId" : 2,
      "authorId" : 1,
      "content" : "Ana lamine yamal",
      "timestamp" : [ 2024, 12, 5, 20, 33, 53, 116483100 ]
    }, {
      "image" : "C:\\Users\\Mazen\\Pictures\\Screenshots\\Screenshot 2023-07-11 165650.png",
      "contentId" : 5,
      "authorId" : 1,
      "content" : "post by meeeeeeeeeeeeeeeeee",
      "timestamp" : [ 2024, 12, 6, 2, 54, 11, 249474200 ]
    }, {
      "image" : "C:\\Users\\etijah\\Downloads\\fcb.jpg",
      "contentId" : 6,
      "authorId" : 1,
      "content" : "hey",
      "timestamp" : [ 2024, 12, 6, 11, 25, 51, 843514400 ]
    }, {
      "image" : "C:\\Users\\etijah\\Downloads\\fcb.jpg",
      "contentId" : 7,
      "authorId" : 1,
      "content" : "hey",
      "timestamp" : [ 2024, 12, 6, 11, 25, 52, 881671200 ]
    }, {
      "image" : null,
      "contentId" : 8,
      "authorId" : 1,
      "content" : "hey",
      "timestamp" : [ 2024, 12, 6, 11, 30, 47, 192127900 ]
    }, {
      "image" : null,
      "contentId" : -11,
      "authorId" : 1,
      "content" : "asdsadsad",
      "timestamp" : [ 2024, 12, 6, 14, 0, 58, 593540900 ]
    }, {
      "image" : "C:\\Users\\etijah\\Downloads\\Lamine.jpg",
      "contentId" : -11,
      "authorId" : 1,
      "content" : "sad",
      "timestamp" : [ 2024, 12, 6, 14, 1, 39, 746829200 ]
    } ]
  },
  "userID" : "1",
  "username" : "Lamine",
  "status" : "offline"
}, {
  "profile" : {
    "contents" : [ {
      "image" : null,
      "contentId" : 9,
      "authorId" : 2,
      "content" : "هالوو",
      "timestamp" : [ 2024, 12, 6, 11, 49, 31, 668933200 ]
    }, {
      "image" : null,
      "contentId" : 10,
      "authorId" : 2,
      "content" : "ana pedri",
      "timestamp" : [ 2024, 12, 6, 12, 54, 46, 696219300 ]
    }, {
      "image" : null,
      "contentId" : -11,
      "authorId" : 2,
      "content" : "mmmmmm",
      "timestamp" : [ 2024, 12, 6, 13, 14, 19, 72388000 ]
    } ]
  },
  "userID" : "2",
  "username" : "Pedri",
  "status" : "online"
}, {
  "profile" : {
    "contents" : [ {
      "image" : null,
      "contentId" : 13,
      "authorId" : 3,
      "content" : "gsgdfgdf",
      "timestamp" : [ 2024, 12, 5, 21, 50, 55, 910942900 ]
    }, {
      "image" : null,
      "contentId" : -14,
      "authorId" : 3,
      "content" : "fsdf",
      "timestamp" : [ 2024, 12, 5, 21, 51, 12, 5761500 ]
    } ]
  },
  "userID" : "3",
  "username" : "Freinke",
  "status" : "online"
}, {
  "profile" : {
    "contents" : [ {
      "image" : null,
      "contentId" : 14,
      "authorId" : 4,
      "content" : "ana mesh mbappe",
      "timestamp" : [ 2024, 12, 6, 23, 10, 9, 896125200 ]
    } ]
  },
  "userID" : "4",
  "username" : "Mbappe",
  "status" : "offline"
}, {
  "profile" : {
    "contents" : [ {
      "image" : null,
      "contentId" : 11,
      "authorId" : 5,
      "content" : "ana mesh vini",
      "timestamp" : [ 2024, 12, 6, 16, 45, 49, 22619400 ]
    }, {
      "image" : null,
      "contentId" : 12,
      "authorId" : 5,
      "content" : "dsadasd",
      "timestamp" : [ 2024, 12, 6, 20, 3, 9, 625091300 ]
    }, {
      "image" : null,
      "contentId" : -13,
      "authorId" : 5,
      "content" : "afdsafds",
      "timestamp" : [ 2024, 12, 6, 20, 7, 46, 213545400 ]
    } ]
  },
  "userID" : "5",
  "username" : "Vinicius",
  "status" : "offline"
}, {
  "profile" : {
    "contents" : [ {
      "image" : null,
      "contentId" : 15,
      "authorId" : 6,
      "content" : "ghfhfghgf",
      "timestamp" : [ 2024, 12, 6, 23, 11, 41, 297475500 ]
    } ]
  },
  "userID" : "6",
  "username" : "Bellingham",
  "status" : "offline"
}, {
  "profile" : {
    "contents" : [ {
      "image" : "C:\\Users\\Mazen\\Pictures\\powerpoint\\acceleration.jpg",
      "contentId" : 3,
      "authorId" : 7,
      "content" : " post test ",
      "timestamp" : [ 2024, 12, 6, 2, 38, 33, 523403900 ]
    } ]
  },
  "userID" : "7",
  "username" : "mazen azhary",
  "status" : "offline"
} ]